ISSN;Titre;CNRS mai 2016;FNEGE 2013;Classement HCERES GESTION 2016-01-17;;;;;;;;;;;;;;;;;;;;;;
2034-9130;@GRH;;4;C;;;;;;;;;;;;;;;;;;;;;;
1619-4500;4OR: A Quarterly Journal of Operations Research;3;;B;;;;;;;;;;;;;;;;;;;;;;
0001-3072;Abacus;3;2;A;;;;;;;;;;;;;;;;;;;;;;
1941-6520;Academy of Management Annals;2;3;A;;;;;;;;;;;;;;;;;;;;;;
0001-4273;Academy of Management Journal;1;1;A;;;;;;;;;;;;;;;;;;;;;;
1537-260X;Academy of Management Learning and Education;3;2;A;;;;;;;;;;;;;;;;;;;;;;
1558-9080;Academy of Management Perspectives;;2;A;;;;;;;;;;;;;;;;;;;;;;
0363-7425;Academy of Management Review;1*;1*;A;;;;;;;;;;;;;;;;;;;;;;
0001-4788;Accounting and Business Research;3;3;B;;;;;;;;;;;;;;;;;;;;;;
0810-5391;Accounting and Finance;4;3;B;;;;;;;;;;;;;;;;;;;;;;
0951-3574;Accounting Auditing and Accountability Journal;2;3;A;;;;;;;;;;;;;;;;;;;;;;
0148-4184;Accounting Historians Journal;3;3;B;;;;;;;;;;;;;;;;;;;;;;
1032-3732;Accounting History;4;4;C;;;;;;;;;;;;;;;;;;;;;;
2155-2851;Accounting History Review;3;3;B;;;;;;;;;;;;;;;;;;;;;;
0888-7993;Accounting Horizons;3;2;A;;;;;;;;;;;;;;;;;;;;;;
1744-9480;Accounting in Europe;;4;C;;;;;;;;;;;;;;;;;;;;;;
0361-3682;Accounting, Organization and Society;1;1;A;;;;;;;;;;;;;;;;;;;;;;
1073-0516;ACM Transactions on Human Computer Interaction;4;4;C;;;;;;;;;;;;;;;;;;;;;;
0095-3997;Administration and Society;2;2;A;;;;;;;;;;;;;;;;;;;;;;
0001-8392;Administrative Science Quarterly;1*;1*;A;;;;;;;;;;;;;;;;;;;;;;
0897-3660;Advances in International Accounting;3;3;B;;;;;;;;;;;;;;;;;;;;;;
0742-3322;Advances in Strategic Management;2;3;A;;;;;;;;;;;;;;;;;;;;;;
1017-6772;African Development Review/Revue Africaine de Developpement;4;;C;;;;;;;;;;;;;;;;;;;;;;
0742-4477;Agribusiness;4;;C;;;;;;;;;;;;;;;;;;;;;;
1068-2805;Agricultural and Resource Economics Review;4;;C;;;;;;;;;;;;;;;;;;;;;;
0169-5150;Agricultural Economics;3;;B;;;;;;;;;;;;;;;;;;;;;;
0044-7447;AMBIO: A Journal of the Human Environment;3;;B;;;;;;;;;;;;;;;;;;;;;;
0002-7642;American Behavioral Scientist;3;;B;;;;;;;;;;;;;;;;;;;;;;
1945-7782;American Economic Journal: Applied Economics;2;;A;;;;;;;;;;;;;;;;;;;;;;
1945-7731;American Economic Journal: Economic Policy;2;;A;;;;;;;;;;;;;;;;;;;;;;
1945-7707;American Economic Journal: Macroeconomics;1;;A;;;;;;;;;;;;;;;;;;;;;;
1945-7669;American Economic Journal: Microeconomics;1;;A;;;;;;;;;;;;;;;;;;;;;;
0002-8282;American Economic Review;1*;;A;;;;;;;;;;;;;;;;;;;;;;
0002-9092;American Journal of Agricultural Economics;1;;A;;;;;;;;;;;;;;;;;;;;;;
1088-0224;American Journal of Managed Care;2;;A;;;;;;;;;;;;;;;;;;;;;;
1062-8606;American Journal of Medical Quality;3;3;B;;;;;;;;;;;;;;;;;;;;;;
1465-7252;American Law and Economics Review;;2;A;;;;;;;;;;;;;;;;;;;;;;
0275-0740;American Review of Public Administration;;4;C;;;;;;;;;;;;;;;;;;;;;;
0769-489X;Annales d'Économie et Statistique;2;;A;;;;;;;;;;;;;;;;;;;;;;
1614-2446;Annals of Finance;4;4;C;;;;;;;;;;;;;;;;;;;;;;
0254-5330;Annals of Operations Research;2;;A;;;;;;;;;;;;;;;;;;;;;;
1467-8292;Annals of Public and Cooperative Economics;;4;C;;;;;;;;;;;;;;;;;;;;;;
0570-1864;Annals of Regional Science;2;;A;;;;;;;;;;;;;;;;;;;;;;
0160-7383;Annals of Tourism Research;3;;B;;;;;;;;;;;;;;;;;;;;;;
0003-603X;Antitrust Bulletin;2;;A;;;;;;;;;;;;;;;;;;;;;;
0003-6048;Antitrust Law and Economics Review;3;;B;;;;;;;;;;;;;;;;;;;;;;
0003-6056;Antitrust Law Journal;3;;B;;;;;;;;;;;;;;;;;;;;;;
0003-6846;Applied Economics;2;;A;;;;;;;;;;;;;;;;;;;;;;
1350-4851;Applied Economics Letters;4;;C;;;;;;;;;;;;;;;;;;;;;;
0960-3107;Applied Financial Economics;4;4;C;;;;;;;;;;;;;;;;;;;;;;
1175-5652;Applied Health Economics and Policy;4;;C;;;;;;;;;;;;;;;;;;;;;;
1350-486X;Applied Mathematical Finance;;4;C;;;;;;;;;;;;;;;;;;;;;;
1360-2381;Asia Pacific Business Review;3;3;B;;;;;;;;;;;;;;;;;;;;;;
1038-4111;Asia Pacific Journal of Human Resources;4;4;C;;;;;;;;;;;;;;;;;;;;;;
0217-4561;Asia Pacific Journal of Management;4;3;B;;;;;;;;;;;;;;;;;;;;;;
0217-5959;Asia Pacific Journal of Operations Research;4;;C;;;;;;;;;;;;;;;;;;;;;;
0116-1105;Asian Development Review;4;;C;;;;;;;;;;;;;;;;;;;;;;
1351-3958;Asian Economic Journal;4;;C;;;;;;;;;;;;;;;;;;;;;;
0515-0361;ASTIN Bulletin: Journal of the International Actuarial Association;3;3;B;;;;;;;;;;;;;;;;;;;;;;
0278-0380;Auditing, A Journal of Practice and Theory;2;2;A;;;;;;;;;;;;;;;;;;;;;;
0004-8992;Australian Economic History Review;3;;B;;;;;;;;;;;;;;;;;;;;;;
0004-900X;Australian Economic Papers;3;;B;;;;;;;;;;;;;;;;;;;;;;
0004-9018;Australian Economic Review;4;;C;;;;;;;;;;;;;;;;;;;;;;
1364-985X;Australian Journal of Agricultural and Resource Economics;3;;B;;;;;;;;;;;;;;;;;;;;;;
1278-3986;Autrepart;4;;C;;;;;;;;;;;;;;;;;;;;;;
1167-4946;Bankers, Markets & Investors;3;;B;;;;;;;;;;;;;;;;;;;;;;
1050-4753;Behavioral Research in Accounting;3;3;B;;;;;;;;;;;;;;;;;;;;;;
1472-6963;BMC Health Services Research;3;3;B;;;;;;;;;;;;;;;;;;;;;;
2044-5415;BMJ Quality & Safety;2;3;A;;;;;;;;;;;;;;;;;;;;;;
0890-8389;British Accounting Review;3;3;B;;;;;;;;;;;;;;;;;;;;;;
0007-1080;British Journal of Industrial Relations;2;2;A;;;;;;;;;;;;;;;;;;;;;;
1045-3172;British Journal of Management;2;2;A;;;;;;;;;;;;;;;;;;;;;;
0007-2303;Brookings Papers on Economic Activity;1;;A;;;;;;;;;;;;;;;;;;;;;;
0008-0195;Brussels Economic Review/Cahiers Economiques de Bruxelles;4;;C;;;;;;;;;;;;;;;;;;;;;;
1779-7160;Bulletin Français d'Actuariat;4;4;C;;;;;;;;;;;;;;;;;;;;;;
0307-3378;Bulletin of Economic Research;3;;B;;;;;;;;;;;;;;;;;;;;;;
0042-9686;Bulletin of the World Health Organization;3;3;B;;;;;;;;;;;;;;;;;;;;;;
0849-6825;Business and Economic History;4;;C;;;;;;;;;;;;;;;;;;;;;;
1867-0202;Business and Information Systems Engineering;4;4;C;;;;;;;;;;;;;;;;;;;;;;
1469-3569;Business and Politics;3;;B;;;;;;;;;;;;;;;;;;;;;;
0007-6503;Business and Society;4;4;B;;;;;;;;;;;;;;;;;;;;;;
1052-150X;Business Ethics Quarterly;3;2;A;;;;;;;;;;;;;;;;;;;;;;
0962-8770;Business Ethics: A European Review;4;4;C;;;;;;;;;;;;;;;;;;;;;;
0007-6791;Business History;2;2;A;;;;;;;;;;;;;;;;;;;;;;
0007-6805;Business History Review;3;3;B;;;;;;;;;;;;;;;;;;;;;;
1463-7154;Business Process Management Journal;3;3;B;;;;;;;;;;;;;;;;;;;;;;
0964-4733;Business Strategy and the Environment;4;3;B;;;;;;;;;;;;;;;;;;;;;;
0154-8344;Cahiers d'Economie Politique;3;;B;;;;;;;;;;;;;;;;;;;;;;
1150-8809;Cahiers Scientifiques du Transport;4;4;C;;;;;;;;;;;;;;;;;;;;;;
0309-166X;Cambridge Journal of Economics;2;;A;;;;;;;;;;;;;;;;;;;;;;
0825-0383;Canadian Journal of Administrative Sciences- Revue Canadienne des Sciences de l’Administration;3;3;B;;;;;;;;;;;;;;;;;;;;;;
0008-3976;Canadian Journal of Agricultural Economics;3;;B;;;;;;;;;;;;;;;;;;;;;;
0225-5189;Canadian Journal of Development Studies / Revue Canadienne d’Études du Développement;4;;C;;;;;;;;;;;;;;;;;;;;;;
0008-4085;Canadian Journal of Economics/Revue Canadienne d'Economique;2;;A;;;;;;;;;;;;;;;;;;;;;;
0705-4580;Canadian Journal of Regional Science / Revue canadienne des sciences régionales;3;;B;;;;;;;;;;;;;;;;;;;;;;
1362-0436;Career Development International;;4;C;;;;;;;;;;;;;;;;;;;;;;
1435-246X;Central European Journal of Operations Research;4;;C;;;;;;;;;;;;;;;;;;;;;;
0251-2920;CEPAL Review;4;;C;;;;;;;;;;;;;;;;;;;;;;
1043-951X;China Economic Review;2;;A;;;;;;;;;;;;;;;;;;;;;;
2010-0078;Climate Change Economics;4;;C;;;;;;;;;;;;;;;;;;;;;;
1469-3062;Climate Policy;2;;A;;;;;;;;;;;;;;;;;;;;;;
0165-0009;Climatic Change;3;;B;;;;;;;;;;;;;;;;;;;;;;
1863-2505;Cliometrica;2;;A;;;;;;;;;;;;;;;;;;;;;;
0165-0750;Common Market Law Review;3;;B;;;;;;;;;;;;;;;;;;;;;;
1157-8637;Communications et Stratégies;4;4;C;;;;;;;;;;;;;;;;;;;;;;
1529-3181;Communications of the AIS;4;4;C;;;;;;;;;;;;;;;;;;;;;;
0888-7233;Comparative Economic Studies;3;;B;;;;;;;;;;;;;;;;;;;;;;
1024-5294;Competition and Change;3;3;B;;;;;;;;;;;;;;;;;;;;;;
1262-2788;Comptabilité, Contrôle, Audit;2;2;A;;;;;;;;;;;;;;;;;;;;;;
0927-7099;Computational Economics;3;;B;;;;;;;;;;;;;;;;;;;;;;
0360-8352;Computers & Industrial Engineering;3;3;B;;;;;;;;;;;;;;;;;;;;;;
0305-0548;Computers & Operations Research;2;;A;;;;;;;;;;;;;;;;;;;;;;
1773-9578;Concurrences;4;;C;;;;;;;;;;;;;;;;;;;;;;
1025-3866;Consumption, Markets & Culture;4;4;C;;;;;;;;;;;;;;;;;;;;;;
0823-9150;Contemporary Accounting Research;2;1;A;;;;;;;;;;;;;;;;;;;;;;
0964-8410;Corporate Governance : An International review;3;3;B;;;;;;;;;;;;;;;;;;;;;;
0963-1690;Creativity and Innovation Management;4;4;C;;;;;;;;;;;;;;;;;;;;;;
1045-2354;Critical Perspectives on Accounting;3;3;B;;;;;;;;;;;;;;;;;;;;;;
1742-2043;Critical Perspectives on International Business;4;4;C;;;;;;;;;;;;;;;;;;;;;;
1352-7606;Cross Cultural Management: An International Journal;4;4;C;;;;;;;;;;;;;;;;;;;;;;
1475-9551;Culture and Organization;4;4;C;;;;;;;;;;;;;;;;;;;;;;
1532-0936;Database for Advances in Information Systems;3;3;B;;;;;;;;;;;;;;;;;;;;;;
0013-063X;De Economist;3;;B;;;;;;;;;;;;;;;;;;;;;;
1545-8490;Decision Analysis;3;;B;;;;;;;;;;;;;;;;;;;;;;
0011-7315;Decision Sciences;2;;A;;;;;;;;;;;;;;;;;;;;;;
0167-9236;Decision Support Systems;2;2;A;;;;;;;;;;;;;;;;;;;;;;
1593-8883;Decisions in Economics and Finance;3;;B;;;;;;;;;;;;;;;;;;;;;;
0779-7389;Décisions Marketing;3;3;B;;;;;;;;;;;;;;;;;;;;;;
0070-3370;Demography;1;;A;;;;;;;;;;;;;;;;;;;;;;
0012-155X;Development and Change;2;;A;;;;;;;;;;;;;;;;;;;;;;
1772-9971;Développement Durable et Territoires;;0;C;;;;;;;;;;;;;;;;;;;;;;
1572-5286;Discrete Optimization;3;;B;;;;;;;;;;;;;;;;;;;;;;
2153-0785;Dynamic Games and Applications;2;;A;;;;;;;;;;;;;;;;;;;;;;
0094-5056;Eastern Economic Journal;3;;B;;;;;;;;;;;;;;;;;;;;;;
0921-8009;Ecological Economics;1;;A;;;;;;;;;;;;;;;;;;;;;;
0304-3800;Ecological Modelling;3;;B;;;;;;;;;;;;;;;;;;;;;;
0747-4938;Econometric Reviews;2;;A;;;;;;;;;;;;;;;;;;;;;;
0266-4666;Econometric Theory;1;;A;;;;;;;;;;;;;;;;;;;;;;
0012-9682;Econometrica;1*;;A;;;;;;;;;;;;;;;;;;;;;;
1368-4221;Econometrics Journal;2;;A;;;;;;;;;;;;;;;;;;;;;;
0143-831X;Economic and Industrial Democracy;3;;B;;;;;;;;;;;;;;;;;;;;;;
1573-9414;Economic Change and Restructuring;4;;C;;;;;;;;;;;;;;;;;;;;;;
0013-0079;Economic Development and Cultural Change;1;;A;;;;;;;;;;;;;;;;;;;;;;
0891-2424;Economic Development Quarterly;2;;A;;;;;;;;;;;;;;;;;;;;;;
0013-0095;Economic Geography;1;;A;;;;;;;;;;;;;;;;;;;;;;
2078-0389;Economic History of Developing Regions;4;;C;;;;;;;;;;;;;;;;;;;;;;
0013-0117;Economic History Review;1;;A;;;;;;;;;;;;;;;;;;;;;;
0095-2583;Economic Inquiry;2;;A;;;;;;;;;;;;;;;;;;;;;;
0013-0133;Economic Journal;1;;A;;;;;;;;;;;;;;;;;;;;;;
0264-9993;Economic Modelling;2;;A;;;;;;;;;;;;;;;;;;;;;;
0266-4658;Economic Policy;2;;A;;;;;;;;;;;;;;;;;;;;;;
0013-0249;Economic Record;3;;B;;;;;;;;;;;;;;;;;;;;;;
0939-3625;Economic Systems;3;;B;;;;;;;;;;;;;;;;;;;;;;
0938-2259;Economic Theory;1;;A;;;;;;;;;;;;;;;;;;;;;;
0013-0427;Economica;2;;A;;;;;;;;;;;;;;;;;;;;;;
0266-2671;Economics and Philosophy;1;;A;;;;;;;;;;;;;;;;;;;;;;
0954-1985;Economics and Politics;3;;B;;;;;;;;;;;;;;;;;;;;;;
1545-2921;Economics Bulletin;3;;B;;;;;;;;;;;;;;;;;;;;;;
0165-1765;Economics Letters;3;;B;;;;;;;;;;;;;;;;;;;;;;
0272-7757;Economics of Education Review;2;;A;;;;;;;;;;;;;;;;;;;;;;
1435-6104;Economics of Governance;3;;B;;;;;;;;;;;;;;;;;;;;;;
1043-8599;Economics of Innovation and New Technology;2;2;A;;;;;;;;;;;;;;;;;;;;;;
0967-0750;Economics of Transition;2;;A;;;;;;;;;;;;;;;;;;;;;;
1864-6042;Economics: The Open-Access, Open-Assessment E-Journal;4;;C;;;;;;;;;;;;;;;;;;;;;;
0013-0494;Economie Appliquée;4;;C;;;;;;;;;;;;;;;;;;;;;;
1775-2329;Economie et Institutions;4;;C;;;;;;;;;;;;;;;;;;;;;;
0249-4744;Economie et Prévision;3;;B;;;;;;;;;;;;;;;;;;;;;;
0336-1454;Économie et Statistique;3;;B;;;;;;;;;;;;;;;;;;;;;;
1240-8093;Économie Internationale / International Economics;3;;B;;;;;;;;;;;;;;;;;;;;;;
1373-8496;Économie Publique;4;;C;;;;;;;;;;;;;;;;;;;;;;
0013-0559;Economie Rurale;4;;B;;;;;;;;;;;;;;;;;;;;;;
0013-0567;"Économies et Sociétés série AB ""Socio Economie du Travail""";4;;C;;;;;;;;;;;;;;;;;;;;;;
0068-4864;"Économies et Sociétés série AF ""Histoire Économique Quantitative""";4;;C;;;;;;;;;;;;;;;;;;;;;;
0068-4899;"Économies et Sociétés série AG ""Systèmes Agroalimentaires""";4;4;C;;;;;;;;;;;;;;;;;;;;;;
1760-8864;"Économies et Sociétés série K ""Economie de l'Entreprise""";4;;C;;;;;;;;;;;;;;;;;;;;;;
2111-8876;"Économies et Sociétés série KC ""Etudes critiques en management""";;4;C;;;;;;;;;;;;;;;;;;;;;;
0013-0567;"Économies et Sociétés série PE ""Histoire de la Pensée Économique""";4;;C;;;;;;;;;;;;;;;;;;;;;;
0308-5147;Economy and Society;2;;A;;;;;;;;;;;;;;;;;;;;;;
0964-5292;Education Economics;3;;B;;;;;;;;;;;;;;;;;;;;;;
1567-4223;Electronic Commerce Research and Applications;4;4;C;;;;;;;;;;;;;;;;;;;;;;
1566-6379;Electronic Journal of Information Systems Evaluation;4;4;C;;;;;;;;;;;;;;;;;;;;;;
1019-6781;Electronic Markets;3;3;B;;;;;;;;;;;;;;;;;;;;;;
1566-0141;Emerging Markets Review;3;;B;;;;;;;;;;;;;;;;;;;;;;
0377-7332;Empirical Economics;4;;C;;;;;;;;;;;;;;;;;;;;;;
0142-5455;Employee Relations;4;4;C;;;;;;;;;;;;;;;;;;;;;;
0140-9883;Energy Economics;2;;A;;;;;;;;;;;;;;;;;;;;;;
0195-6574;Energy Journal;1;;A;;;;;;;;;;;;;;;;;;;;;;
0301-4215;Energy Policy;2;;A;;;;;;;;;;;;;;;;;;;;;;
0843-4379;Energy Studies Review;3;;B;;;;;;;;;;;;;;;;;;;;;;
1868-3967;Energy Systems;4;;C;;;;;;;;;;;;;;;;;;;;;;
1467-2227;Enterprise& Society;3;3;B;;;;;;;;;;;;;;;;;;;;;;
0898-5626;Entrepreneurship and Regional Development;3;3;B;;;;;;;;;;;;;;;;;;;;;;
1042-2587;Entrepreneurship: Theory and Practice;1;1;A;;;;;;;;;;;;;;;;;;;;;;
1161-2770;Entreprises et Histoire;4;4;C;;;;;;;;;;;;;;;;;;;;;;
1355-770X;Environment and Development Economics;3;;B;;;;;;;;;;;;;;;;;;;;;;
0308-518X;Environment and Planning A;2;;A;;;;;;;;;;;;;;;;;;;;;;
0265-8135;Environment and Planning B;2;;A;;;;;;;;;;;;;;;;;;;;;;
0263-774X;Environment and Planning C;2;;A;;;;;;;;;;;;;;;;;;;;;;
0263-7758;Environment and Planning D;2;;A;;;;;;;;;;;;;;;;;;;;;;
0924-6460;Environmental and Resource Economics;2;;A;;;;;;;;;;;;;;;;;;;;;;
1998-6041;Environmental Economics;4;;C;;;;;;;;;;;;;;;;;;;;;;
1432-847X;Environmental Economics and Policy Studies;4;;C;;;;;;;;;;;;;;;;;;;;;;
1420-2026;Environmental Modelling and Assessment;2;;A;;;;;;;;;;;;;;;;;;;;;;
1462-9011;Environmental Science and Policy;3;;B;;;;;;;;;;;;;;;;;;;;;;
0963-2719;Environmental Values;3;;B;;;;;;;;;;;;;;;;;;;;;;
0963-8180;European Accounting Review;2;2;A;;;;;;;;;;;;;;;;;;;;;;
0955-534X;European Business Review;3;3;B;;;;;;;;;;;;;;;;;;;;;;
0014-2921;European Economic Review;1;;A;;;;;;;;;;;;;;;;;;;;;;
1354-7798;European Financial Management;3;3;B;;;;;;;;;;;;;;;;;;;;;;
1824-2979;European Journal of Comparative Economics;3;;B;;;;;;;;;;;;;;;;;;;;;;
0957-8811;European Journal of Development Research;4;;C;;;;;;;;;;;;;;;;;;;;;;
1613-0960;European Journal of Economics and Economic Policies-Intervention;4;;C;;;;;;;;;;;;;;;;;;;;;;
1618-7598;European Journal of Health Economics;2;;A;;;;;;;;;;;;;;;;;;;;;;
0959-6801;European Journal of Industrial Relations;3;3;B;;;;;;;;;;;;;;;;;;;;;;
0960-085X;European Journal of Information Systems;1;1;A;;;;;;;;;;;;;;;;;;;;;;
1460-1060;European Journal of Innovation Management;4;4;C;;;;;;;;;;;;;;;;;;;;;;
0929-1261;European Journal of Law and Economics;2;;A;;;;;;;;;;;;;;;;;;;;;;
0309-0566;European Journal of Marketing;3;3;B;;;;;;;;;;;;;;;;;;;;;;
0377-2217;European Journal of Operational Research;1;;A;;;;;;;;;;;;;;;;;;;;;;
0176-2680;European Journal of Political Economy;3;;B;;;;;;;;;;;;;;;;;;;;;;
0168-6577;European Journal of Population/Revue Européenne de Démographie;3;;B;;;;;;;;;;;;;;;;;;;;;;
1101-1262;European Journal of Public Health;3;3;B;;;;;;;;;;;;;;;;;;;;;;
0967-2567;European Journal of The History of Economic Thought;2;3;A;;;;;;;;;;;;;;;;;;;;;;
1359-432X;European Journal of Work & Organizational Psychology;4;3;B;;;;;;;;;;;;;;;;;;;;;;
0263-2373;European Management Journal;3;3;B;;;;;;;;;;;;;;;;;;;;;;
1740-4754;European Management Review;2;2;A;;;;;;;;;;;;;;;;;;;;;;
0965-4313;European Planning Studies;4;;C;;;;;;;;;;;;;;;;;;;;;;
0165-1587;European Review of Agricultural Economics;2;;A;;;;;;;;;;;;;;;;;;;;;;
1361-4916;European Review of Economic History;2;;A;;;;;;;;;;;;;;;;;;;;;;
0966-8136;Europe-Asia Studies;3;4;B;;;;;;;;;;;;;;;;;;;;;;
1356-3890;Evaluation;3;3;B;;;;;;;;;;;;;;;;;;;;;;
1386-4157;Experimental Economics;1;;A;;;;;;;;;;;;;;;;;;;;;;
0957-4174;Expert Systems with Applications;3;3;B;;;;;;;;;;;;;;;;;;;;;;
0014-4983;Explorations in Economic History;2;;A;;;;;;;;;;;;;;;;;;;;;;
0894-4865;Family Business Review;2;2;A;;;;;;;;;;;;;;;;;;;;;;
1354-5701;Feminist Economics;3;;B;;;;;;;;;;;;;;;;;;;;;;
0752-6180;Finance;2;2;A;;;;;;;;;;;;;;;;;;;;;;
0949-2984;Finance & Stochastics;3;3;B;;;;;;;;;;;;;;;;;;;;;;
1287-1141;Finance Contrôle Stratégie;3;3;B;;;;;;;;;;;;;;;;;;;;;;
1544-6123;Finance Research Letters;3;3;B;;;;;;;;;;;;;;;;;;;;;;
0267-4424;Financial Accountability and Management;3;2;A;;;;;;;;;;;;;;;;;;;;;;
0015-198X;Financial Analysts Journal;;3;B;;;;;;;;;;;;;;;;;;;;;;
0968-5650;Financial History Review;3;3;B;;;;;;;;;;;;;;;;;;;;;;
0046-3892;Financial Management;2;2;A;;;;;;;;;;;;;;;;;;;;;;
1555-4961;Financial Markets and Portfolio Management;;4;C;;;;;;;;;;;;;;;;;;;;;;
0963-8008;Financial Markets, Institutions & Instruments;3;3;B;;;;;;;;;;;;;;;;;;;;;;
0732-8516;Financial Review;4;4;C;;;;;;;;;;;;;;;;;;;;;;
0015-2218;FinanzArchiv;4;;C;;;;;;;;;;;;;;;;;;;;;;
0143-5671;Fiscal Studies;3;;B;;;;;;;;;;;;;;;;;;;;;;
1936-6582;Flexible Services and Manufacturing Journal;3;3;B;;;;;;;;;;;;;;;;;;;;;;
0306-9192;Food Policy;3;;B;;;;;;;;;;;;;;;;;;;;;;
0759-6340;Formation Emploi: Revue Française de Sciences Sociales;4;;C;;;;;;;;;;;;;;;;;;;;;;
0016-3287;Futures;;3;B;;;;;;;;;;;;;;;;;;;;;;
0899-8256;Games and Economic Behavior;1;;A;;;;;;;;;;;;;;;;;;;;;;
0968-6673;Gender, Work and Organization;4;3;B;;;;;;;;;;;;;;;;;;;;;;
1018-5895;Geneva Papers on Risk and Insurance: Issues and Practices;3;4;B;;;;;;;;;;;;;;;;;;;;;;
1554-964X;Geneva Risk and Insurance Review;2;2;A;;;;;;;;;;;;;;;;;;;;;;
1295-926X;Géographie Économie Société;4;;C;;;;;;;;;;;;;;;;;;;;;;
0295-4397;Gérer et Comprendre;4;3;B;;;;;;;;;;;;;;;;;;;;;;
1465-6485;German Economic Review;3;;B;;;;;;;;;;;;;;;;;;;;;;
0701-0028;Gestion- Revue Internationale de Gestion;;4;C;;;;;;;;;;;;;;;;;;;;;;
0773-0543;Gestion 2000;;4;C;;;;;;;;;;;;;;;;;;;;;;
2116-8865;Gestion et Management Public;;4;C;;;;;;;;;;;;;;;;;;;;;;
0959-3780;Global Environmental Change;3;;B;;;;;;;;;;;;;;;;;;;;;;
1044-0283;Global Finance Journal;;4;C;;;;;;;;;;;;;;;;;;;;;;
0952-1895;Governance;3;3;B;;;;;;;;;;;;;;;;;;;;;;
1059-6011;Group and Organization Management;3;3;B;;;;;;;;;;;;;;;;;;;;;;
0926-2644;Group Decision and Negotiation;;3;B;;;;;;;;;;;;;;;;;;;;;;
1089-2699;Group Dynamics: Theory, Research and Practice;3;3;B;;;;;;;;;;;;;;;;;;;;;;
1368-4302;Group Processes and Intergroup Relations;3;3;B;;;;;;;;;;;;;;;;;;;;;;
0017-4815;Growth and Change;3;;B;;;;;;;;;;;;;;;;;;;;;;
0278-2715;Health Affairs;;1;A;;;;;;;;;;;;;;;;;;;;;;
0195-8631;Health Care Financing Review;3;;B;;;;;;;;;;;;;;;;;;;;;;
0361-6274;Health Care Management Review;3;3;B;;;;;;;;;;;;;;;;;;;;;;
1386-9620;Health Care Management Science;4;4;C;;;;;;;;;;;;;;;;;;;;;;
1057-9230;Health Economics;1;;A;;;;;;;;;;;;;;;;;;;;;;
2191-1991;Health Economics Review;4;;C;;;;;;;;;;;;;;;;;;;;;;
1744-1331;Health Economics, Policy and Law;3;;B;;;;;;;;;;;;;;;;;;;;;;
0168-8510;Health Policy;2;2;A;;;;;;;;;;;;;;;;;;;;;;
0268-1080;Health Policy and Planning;4;2;A;;;;;;;;;;;;;;;;;;;;;;
0951-4848;Health Services Management Research;4;4;C;;;;;;;;;;;;;;;;;;;;;;
0017-9124;Health Services Research;2;3;A;;;;;;;;;;;;;;;;;;;;;;
0752-5702;Histoire, Economie et Société;4;;C;;;;;;;;;;;;;;;;;;;;;;
1122-8792;History of Economic Ideas;3;;B;;;;;;;;;;;;;;;;;;;;;;
1037-0196;History of Economics Review;4;;C;;;;;;;;;;;;;;;;;;;;;;
0018-2702;History of Political Economy;1;;A;;;;;;;;;;;;;;;;;;;;;;
0267-3037;Housing Studies;3;;B;;;;;;;;;;;;;;;;;;;;;;
0895-9285;Human Performance;;3;B;;;;;;;;;;;;;;;;;;;;;;
0018-7267;Human Relations;2;2;A;;;;;;;;;;;;;;;;;;;;;;
0090-4848;Human Resource Management;2;2;A;;;;;;;;;;;;;;;;;;;;;;
0954-5395;Human Resource Management Journal;3;3;B;;;;;;;;;;;;;;;;;;;;;;
1053-4822;Human Resource Management Review;3;3;B;;;;;;;;;;;;;;;;;;;;;;
0167-2533;Human Systems Management;4;4;C;;;;;;;;;;;;;;;;;;;;;;
1083-4427;IEEE Transaction on Systems, Man and Cybernetics-A;3;3;B;;;;;;;;;;;;;;;;;;;;;;
1094-6977;IEEE Transaction on Systems, Man and Cybernetics-C;3;4;B;;;;;;;;;;;;;;;;;;;;;;
0018-9391;IEEE Transactions on Engineering Management;2;2;A;;;;;;;;;;;;;;;;;;;;;;
1041-4347;IEEE Transactions on Knowledge and Data Engineering;2;2;A;;;;;;;;;;;;;;;;;;;;;;
0098-5589;IEEE Transactions on Software Engineering;2;2;A;;;;;;;;;;;;;;;;;;;;;;
1020-7635;IMF Staff Papers;3;;B;;;;;;;;;;;;;;;;;;;;;;
1748-5908;Implementation Science;;2;A;;;;;;;;;;;;;;;;;;;;;;
0960-6491;Industrial and Corporate Change;2;;A;;;;;;;;;;;;;;;;;;;;;;
0019-7939;Industrial and Labor Relations Review;1;2;A;;;;;;;;;;;;;;;;;;;;;;
0263-5577;Industrial Management and Data Systems;4;4;C;;;;;;;;;;;;;;;;;;;;;;
0019-8501;Industrial Marketing Management;2;2;A;;;;;;;;;;;;;;;;;;;;;;
0019-8676;Industrial Relations;1;1;A;;;;;;;;;;;;;;;;;;;;;;
1366-2716;Industry and Innovation;3;3;B;;;;;;;;;;;;;;;;;;;;;;
0315-5986;INFOR;4;;C;;;;;;;;;;;;;;;;;;;;;;
0378-7206;Information and Management;2;2;A;;;;;;;;;;;;;;;;;;;;;;
1471-7727;Information and Organization;2;2;A;;;;;;;;;;;;;;;;;;;;;;
0167-6245;Information Economics and Policy;2;;A;;;;;;;;;;;;;;;;;;;;;;
1387-3326;Information Systems Frontiers;;4;C;;;;;;;;;;;;;;;;;;;;;;
1350-1917;Information Systems Journal;2;2;A;;;;;;;;;;;;;;;;;;;;;;
1047-7047;Information Systems Research;1;1;A;;;;;;;;;;;;;;;;;;;;;;
0959-3845;Information Technology and People;3;3;B;;;;;;;;;;;;;;;;;;;;;;
1267-4982;Innovations- Revued'économie et de management de l'innovation;4;4;C;;;;;;;;;;;;;;;;;;;;;;
0167-6687;Insurance : Mathematics and Economics;3;3;B;;;;;;;;;;;;;;;;;;;;;;
1389-5176;Integrated Assessment;4;;C;;;;;;;;;;;;;;;;;;;;;;
0969-5931;International Business Review;3;2;A;;;;;;;;;;;;;;;;;;;;;;
1016-8737;International Economic Journal;4;;C;;;;;;;;;;;;;;;;;;;;;;
0020-6598;International Economic Review;1;;A;;;;;;;;;;;;;;;;;;;;;;
1554-7191;International Entrepreneurship and Management Journal;4;4;C;;;;;;;;;;;;;;;;;;;;;;
1567-9764;International Environmental Agreements: Politics, Law and Economics;4;;C;;;;;;;;;;;;;;;;;;;;;;
0219-1989;International Game Theory Review;3;;B;;;;;;;;;;;;;;;;;;;;;;
0020-7063;International Journal of Accounting;3;3;B;;;;;;;;;;;;;;;;;;;;;;
0265-0487;International Journal of Advertising;3;3;B;;;;;;;;;;;;;;;;;;;;;;
1462-4605;International Journal of Agricultural Resources, Governance and Ecology;4;;C;;;;;;;;;;;;;;;;;;;;;;
1480-8986;International Journal of Arts Management;4;4;C;;;;;;;;;;;;;;;;;;;;;;
1090-6738;International Journal of Auditing;3;3;B;;;;;;;;;;;;;;;;;;;;;;
0265-2323;International Journal of Bank Marketing;4;4;C;;;;;;;;;;;;;;;;;;;;;;
1815-4654;International Journal of Central Banking;3;;B;;;;;;;;;;;;;;;;;;;;;;
1470-5958;International Journal of Cross Cultural Management;4;4;C;;;;;;;;;;;;;;;;;;;;;;
1742-7355;International Journal of Economic Theory;3;;B;;;;;;;;;;;;;;;;;;;;;;
1086-4415;International Journal of Electronic Commerce;2;2;A;;;;;;;;;;;;;;;;;;;;;;
1355-2554;International Journal of Entrepreneurial Behaviour and Research;4;4;C;;;;;;;;;;;;;;;;;;;;;;
1465-7503;International Journal of Entrepreneurship and Innovation;4;4;C;;;;;;;;;;;;;;;;;;;;;;
1368-275X;International Journal of Entrepreneurship and Innovation Management;4;4;C;;;;;;;;;;;;;;;;;;;;;;
1476-1297;International Journal of Entrepreneurship and Small Business;4;4;C;;;;;;;;;;;;;;;;;;;;;;
0957-4352;International Journal of Environment and Pollution;4;;C;;;;;;;;;;;;;;;;;;;;;;
1076-9307;International Journal of Finance and Economics;3;;B;;;;;;;;;;;;;;;;;;;;;;
0169-2070;International Journal of Forecasting;3;;B;;;;;;;;;;;;;;;;;;;;;;
0020-7276;International Journal of Game Theory;2;;A;;;;;;;;;;;;;;;;;;;;;;
0954-7118;International Journal of Global Energy Issues;4;;C;;;;;;;;;;;;;;;;;;;;;;
1389-6563;International Journal of Health Economics and Management;2;4;A;;;;;;;;;;;;;;;;;;;;;;
0749-6753;International Journal of Health Planning and Management;4;4;C;;;;;;;;;;;;;;;;;;;;;;
1071-5819;International Journal of Human Computer Studies;3;3;B;;;;;;;;;;;;;;;;;;;;;;
0958-5192;International Journal of Human Resource Management;3;3;B;;;;;;;;;;;;;;;;;;;;;;
0167-7187;International Journal of Industrial Organization;1;;A;;;;;;;;;;;;;;;;;;;;;;
0268-4012;International Journal of Information Management;3;3;B;;;;;;;;;;;;;;;;;;;;;;
1363-9196;International Journal of Innovation Management;4;4;C;;;;;;;;;;;;;;;;;;;;;;
1447-9524;International Journal of Knowledge, Culture and Change Management;4;4;C;;;;;;;;;;;;;;;;;;;;;;
0957-4903;International Journal of Logistics Management;3;3;B;;;;;;;;;;;;;;;;;;;;;;
1367-5567;International Journal of Logistics: Research and Applications;3;3;B;;;;;;;;;;;;;;;;;;;;;;
1460-8545;International Journal of Management Reviews;2;2;A;;;;;;;;;;;;;;;;;;;;;;
0143-7720;International Journal of Manpower;3;;B;;;;;;;;;;;;;;;;;;;;;;
1368-2148;International Journal of Manufacturing Technology and Management;3;3;B;;;;;;;;;;;;;;;;;;;;;;
1470-7853;International Journal of Market Research;3;3;B;;;;;;;;;;;;;;;;;;;;;;
0144-3577;International Journal of Operations and Production Management;2;2;A;;;;;;;;;;;;;;;;;;;;;;
0960-0035;International Journal of Physical Distribution and Logistics Management;3;3;B;;;;;;;;;;;;;;;;;;;;;;
0891-1916;International Journal of Political Economy;4;;C;;;;;;;;;;;;;;;;;;;;;;
0925-5273;International Journal of Production Economics;1;1;A;;;;;;;;;;;;;;;;;;;;;;
0020-7543;International Journal of Production Research;2;2;A;;;;;;;;;;;;;;;;;;;;;;
0263-7863;International Journal of Project Management;3;3;B;;;;;;;;;;;;;;;;;;;;;;
0190-0692;International Journal of Public Administration;3;3;B;;;;;;;;;;;;;;;;;;;;;;
0954-2892;International Journal of Public Opinion Research;3;;B;;;;;;;;;;;;;;;;;;;;;;
0951-3558;International Journal of Public Sector Management;3;3;B;;;;;;;;;;;;;;;;;;;;;;
0265-671X;International Journal of Quality and Reliability Management;3;3;B;;;;;;;;;;;;;;;;;;;;;;
1353-4505;International Journal of Quality in Health Care;4;3;B;;;;;;;;;;;;;;;;;;;;;;
0167-8116;International Journal of Research in Marketing;2;1;A;;;;;;;;;;;;;;;;;;;;;;
0959-0552;International Journal of Retail and Distribution Management;3;3;B;;;;;;;;;;;;;;;;;;;;;;
0965-075X;International Journal of Selection and Assessment;;3;B;;;;;;;;;;;;;;;;;;;;;;
0960-1406;International Journal of Sustainable Development;4;;C;;;;;;;;;;;;;;;;;;;;;;
1548-3908;International Journal of Technology and Human Interaction;4;4;C;;;;;;;;;;;;;;;;;;;;;;
0266-4623;International Journal of Technology Assessment in Health Care;3;3;B;;;;;;;;;;;;;;;;;;;;;;
0267-5730;International Journal of Technology Management;3;3;B;;;;;;;;;;;;;;;;;;;;;;
1357-1516;International Journal of the Economics of Business;3;;B;;;;;;;;;;;;;;;;;;;;;;
0219-0249;International Journal of Theoretical and Applied Finance;3;3;B;;;;;;;;;;;;;;;;;;;;;;
0391-8440;International Journal of Transport Economics;3;;B;;;;;;;;;;;;;;;;;;;;;;
0309-1317;International Journal of Urban and Regional Research;4;;C;;;;;;;;;;;;;;;;;;;;;;
0020-7780;International Labour Review;3;3;B;;;;;;;;;;;;;;;;;;;;;;
0265-1335;International Marketing Review;3;2;A;;;;;;;;;;;;;;;;;;;;;;
0020-8183;International Organization;3;;B;;;;;;;;;;;;;;;;;;;;;;
0160-0176;International Regional Science Review;2;;A;;;;;;;;;;;;;;;;;;;;;;
0020-8523;International Review of Administrative Sciences;3;3;B;;;;;;;;;;;;;;;;;;;;;;
0269-2171;International Review of Applied Economics;4;;C;;;;;;;;;;;;;;;;;;;;;;
1057-5219;International Review of Financial Analysis;3;3;B;;;;;;;;;;;;;;;;;;;;;;
0144-8188;International Review of Law and Economics;1;;A;;;;;;;;;;;;;;;;;;;;;;
1229-4659;International Review of Public Administration;4;4;C;;;;;;;;;;;;;;;;;;;;;;
0266-2426;International Small Business Journal;2;2;A;;;;;;;;;;;;;;;;;;;;;;
0020-8825;International Studies of Management and Organization;3;3;B;;;;;;;;;;;;;;;;;;;;;;
0927-5940;International Tax and Public Finance;2;;A;;;;;;;;;;;;;;;;;;;;;;
0885-3908;International Trade Journal;4;;C;;;;;;;;;;;;;;;;;;;;;;
0969-6016;International Transactions in Operational Research;3;;B;;;;;;;;;;;;;;;;;;;;;;
1352-4739;Japanese Economic Review;3;;B;;;;;;;;;;;;;;;;;;;;;;
0294-0736;Journal de Gestion et d'Economie Médicales;4;4;C;;;;;;;;;;;;;;;;;;;;;;
1269-6935;Journal Européen des Systèmes Automatisés;3;;B;;;;;;;;;;;;;;;;;;;;;;
0165-4101;Journal of Accounting and Economics;1;1;A;;;;;;;;;;;;;;;;;;;;;;
0278-4254;Journal of Accounting and Public Policy;2;2;A;;;;;;;;;;;;;;;;;;;;;;
0737-4607;Journal of Accounting Literature;3;3;B;;;;;;;;;;;;;;;;;;;;;;
0021-8456;Journal of Accounting Research;1;1;A;;;;;;;;;;;;;;;;;;;;;;
0148-558X;Journal of Accounting, Auditing and Finance;3;3;B;;;;;;;;;;;;;;;;;;;;;;
0091-3367;Journal of Advertising;3;2;A;;;;;;;;;;;;;;;;;;;;;;
0021-8499;Journal of Advertising Research;3;3;B;;;;;;;;;;;;;;;;;;;;;;
0963-8024;Journal of African Economies;2;;A;;;;;;;;;;;;;;;;;;;;;;
0738-8950;Journal of Agribusiness;4;;C;;;;;;;;;;;;;;;;;;;;;;
1542-0485;Journal of Agricultural and Food Industrial Organization;3;;B;;;;;;;;;;;;;;;;;;;;;;
1068-5502;Journal of Agricultural and Resource Economics;3;;B;;;;;;;;;;;;;;;;;;;;;;
0021-857X;Journal of Agricultural Economics;3;;B;;;;;;;;;;;;;;;;;;;;;;
1389-224X;Journal of Agricultural Education and Extension;4;;C;;;;;;;;;;;;;;;;;;;;;;
1520-3255;Journal of Alternative Investments;;4;C;;;;;;;;;;;;;;;;;;;;;;
0967-5426;Journal of Applied Accounting Research;3;3;B;;;;;;;;;;;;;;;;;;;;;;
0021-8855;Journal of Applied Behavior Analysis;3;;B;;;;;;;;;;;;;;;;;;;;;;
0021-8863;Journal of Applied Behavioral Science;3;3;B;;;;;;;;;;;;;;;;;;;;;;
0892-7626;Journal of Applied Business Research;3;3;B;;;;;;;;;;;;;;;;;;;;;;
0883-7252;Journal of Applied Econometrics;2;;A;;;;;;;;;;;;;;;;;;;;;;
0021-9010;Journal of Applied Psychology;;1;A;;;;;;;;;;;;;;;;;;;;;;
0266-4763;Journal of Applied Statistics;3;;B;;;;;;;;;;;;;;;;;;;;;;
1063-2921;Journal of Arts Management, Law and Society;;4;C;;;;;;;;;;;;;;;;;;;;;;
1049-0078;Journal of Asian Economics;4;;C;;;;;;;;;;;;;;;;;;;;;;
1470-8272;Journal of Asset Management;4;4;C;;;;;;;;;;;;;;;;;;;;;;
0378-4266;Journal of Banking and Finance;2;1;A;;;;;;;;;;;;;;;;;;;;;;
2214-8043;Journal of Behavioral and Experimental Economics;4;;C;;;;;;;;;;;;;;;;;;;;;;
0894-3257;Journal of Behavioral Decision Making;3;;B;;;;;;;;;;;;;;;;;;;;;;
1520-8834;Journal of Behavioral Finance;;4;C;;;;;;;;;;;;;;;;;;;;;;
1350-231X;Journal of Brand Management;4;4;C;;;;;;;;;;;;;;;;;;;;;;
0885-8624;Journal of Business & Industrial Marketing;3;3;B;;;;;;;;;;;;;;;;;;;;;;
0735-0015;Journal of Business and Economic Statistics;1;;A;;;;;;;;;;;;;;;;;;;;;;
0167-4544;Journal of Business Ethics;2;2;A;;;;;;;;;;;;;;;;;;;;;;
0306-686X;Journal of Business Finance and Accounting;2;2;A;;;;;;;;;;;;;;;;;;;;;;
0735-3766;Journal of Business Logistics;2;2;A;;;;;;;;;;;;;;;;;;;;;;
0148-2963;Journal of Business Research;2;2;A;;;;;;;;;;;;;;;;;;;;;;
0275-6668;Journal of Business Strategy;3;3;B;;;;;;;;;;;;;;;;;;;;;;
0883-9026;Journal of Business Venturing;1;1;A;;;;;;;;;;;;;;;;;;;;;;
1051-712X;Journal of Business-to-Business Marketing;4;4;C;;;;;;;;;;;;;;;;;;;;;;
1469-7017;Journal of Change Management;4;4;C;;;;;;;;;;;;;;;;;;;;;;
0021-9886;Journal of Common Market Studies;3;;B;;;;;;;;;;;;;;;;;;;;;;
0147-5967;Journal of Comparative Economics;1;;A;;;;;;;;;;;;;;;;;;;;;;
1744-6414;Journal of Competition Law and Economics;2;;A;;;;;;;;;;;;;;;;;;;;;;
1083-6101;Journal of Computer Mediated Communication;;3;B;;;;;;;;;;;;;;;;;;;;;;
0022-0078;Journal of Consumer Affairs;4;4;C;;;;;;;;;;;;;;;;;;;;;;
0736-3761;Journal of Consumer Marketing;4;4;C;;;;;;;;;;;;;;;;;;;;;;
1057-7408;Journal of Consumer Psychology;1;1;A;;;;;;;;;;;;;;;;;;;;;;
0093-5301;Journal of Consumer Research;1;1;A;;;;;;;;;;;;;;;;;;;;;;
0929-1199;Journal of Corporate Finance: Contracting, Governance and Organization;2;2;A;;;;;;;;;;;;;;;;;;;;;;
0885-2545;Journal of Cultural Economics;3;;B;;;;;;;;;;;;;;;;;;;;;;
1246-0125;Journal of Decision Systems;4;4;C;;;;;;;;;;;;;;;;;;;;;;
1074-1240;Journal of Derivatives;3;3;B;;;;;;;;;;;;;;;;;;;;;;
0304-3878;Journal of Development Economics;1;;A;;;;;;;;;;;;;;;;;;;;;;
0022-0388;Journal of Development Studies;2;;A;;;;;;;;;;;;;;;;;;;;;;
0304-4076;Journal of Econometrics;1;;A;;;;;;;;;;;;;;;;;;;;;;
0167-2681;Journal of Economic Behavior and Organization;2;;A;;;;;;;;;;;;;;;;;;;;;;
0254-8372;Journal of Economic Development;4;;C;;;;;;;;;;;;;;;;;;;;;;
0165-1889;Journal of Economic Dynamics and Control;1;;A;;;;;;;;;;;;;;;;;;;;;;
0022-0485;Journal of Economic Education;3;;B;;;;;;;;;;;;;;;;;;;;;;
1468-2702;Journal of Economic Geography;1;;A;;;;;;;;;;;;;;;;;;;;;;
1381-4338;Journal of Economic Growth;1;;A;;;;;;;;;;;;;;;;;;;;;;
0022-0507;Journal of Economic History;1;;A;;;;;;;;;;;;;;;;;;;;;;
1569-1721;Journal of Economic Inequality;3;;B;;;;;;;;;;;;;;;;;;;;;;
1225-651X;Journal of Economic Integration;3;;B;;;;;;;;;;;;;;;;;;;;;;
1860-711X;Journal of Economic Interaction and Coordination;4;;C;;;;;;;;;;;;;;;;;;;;;;
0021-3624;Journal of Economic Issues;3;;B;;;;;;;;;;;;;;;;;;;;;;
0022-0515;Journal of Economic Literature;1*;;A;;;;;;;;;;;;;;;;;;;;;;
1350-178X;Journal of Economic Methodology;2;;A;;;;;;;;;;;;;;;;;;;;;;
0895-3309;Journal of Economic Perspectives;1;;A;;;;;;;;;;;;;;;;;;;;;;
0167-4870;Journal of Economic Psychology;3;;B;;;;;;;;;;;;;;;;;;;;;;
0950-0804;Journal of Economic Surveys;2;;A;;;;;;;;;;;;;;;;;;;;;;
0022-0531;Journal of Economic Theory;1;;A;;;;;;;;;;;;;;;;;;;;;;
0931-8658;Journal of Economics;3;;B;;;;;;;;;;;;;;;;;;;;;;
1058-6407;Journal of Economics and Management Strategy;1;1;A;;;;;;;;;;;;;;;;;;;;;;
0927-5398;Journal of Empirical Finance;3;3;B;;;;;;;;;;;;;;;;;;;;;;
0361-4476;Journal of Energy and Development;3;;B;;;;;;;;;;;;;;;;;;;;;;
1756-3607;Journal of Energy Markets;4;;C;;;;;;;;;;;;;;;;;;;;;;
0923-4748;Journal of Engineering and Technology Management;3;3;B;;;;;;;;;;;;;;;;;;;;;;
1741-0398;Journal of Enterprise Information Management;4;4;C;;;;;;;;;;;;;;;;;;;;;;
0218-4958;Journal of Enterprising Culture;4;4;C;;;;;;;;;;;;;;;;;;;;;;
1070-4965;Journal of Environment and Development;4;;C;;;;;;;;;;;;;;;;;;;;;;
0095-0696;Journal of Environmental Economics and Management;1;;A;;;;;;;;;;;;;;;;;;;;;;
2160-6544;Journal of Environmental Economics and Policy;4;;C;;;;;;;;;;;;;;;;;;;;;;
0301-4797;Journal of Environmental Management;3;;B;;;;;;;;;;;;;;;;;;;;;;
0964-0568;Journal of Environmental Planning and Management;3;;B;;;;;;;;;;;;;;;;;;;;;;
0391-5115;Journal of European Economic History;4;;C;;;;;;;;;;;;;;;;;;;;;;
0936-9937;Journal of Evolutionary Economics;2;;A;;;;;;;;;;;;;;;;;;;;;;
0022-1082;Journal of Finance;1*;1*;A;;;;;;;;;;;;;;;;;;;;;;
0022-1090;Journal of Financial and Quantitative Analysis;1;1;A;;;;;;;;;;;;;;;;;;;;;;
1479-8409;Journal of Financial Econometrics;3;;B;;;;;;;;;;;;;;;;;;;;;;
0304-405X;Journal of Financial Economics;1;1;A;;;;;;;;;;;;;;;;;;;;;;
1042-9573;Journal of Financial Intermediation;2;2;A;;;;;;;;;;;;;;;;;;;;;;
1386-4181;Journal of Financial Markets;3;2;A;;;;;;;;;;;;;;;;;;;;;;
0270-2592;Journal of Financial Research;3;3;B;;;;;;;;;;;;;;;;;;;;;;
0920-8550;Journal of Financial Services Research;3;3;B;;;;;;;;;;;;;;;;;;;;;;
1059-8596;Journal of Fixed Income;3;3;B;;;;;;;;;;;;;;;;;;;;;;
0277-6693;Journal of Forecasting;3;;B;;;;;;;;;;;;;;;;;;;;;;
0270-7314;Journal of Futures Markets;3;3;B;;;;;;;;;;;;;;;;;;;;;;
1062-7375;Journal of Global Information Management;2;2;A;;;;;;;;;;;;;;;;;;;;;;
1389-4978;Journal of Happiness Studies;4;;C;;;;;;;;;;;;;;;;;;;;;;
0167-6296;Journal of Health Economics;1;;A;;;;;;;;;;;;;;;;;;;;;;
0361-6878;Journal of Health Politics, Policy and Law;3;3;B;;;;;;;;;;;;;;;;;;;;;;
1355-8196;Journal of Health Services Research and Policy;4;4;C;;;;;;;;;;;;;;;;;;;;;;
1047-8310;Journal of High Technology Management Research;4;4;C;;;;;;;;;;;;;;;;;;;;;;
1755-750X;Journal of Historical Research in Marketing;4;;C;;;;;;;;;;;;;;;;;;;;;;
1051-1377;Journal of Housing Economics;2;;A;;;;;;;;;;;;;;;;;;;;;;
1932-8575;Journal of Human Capital;2;;A;;;;;;;;;;;;;;;;;;;;;;
0022-166X;Journal of Human Resources;1;;A;;;;;;;;;;;;;;;;;;;;;;
0926-6437;Journal of Income Distribution;4;;C;;;;;;;;;;;;;;;;;;;;;;
0022-1821;Journal of Industrial Economics;1;;A;;;;;;;;;;;;;;;;;;;;;;
0268-3962;Journal of Information Technology;3;2;A;;;;;;;;;;;;;;;;;;;;;;
2032-5355;Journal of Innovation Economics and Management;4;;C;;;;;;;;;;;;;;;;;;;;;;
0932-4569;Journal of Institutional and Theoretical Economics;2;;A;;;;;;;;;;;;;;;;;;;;;;
1744-1374;Journal of Institutional Economics;2;;A;;;;;;;;;;;;;;;;;;;;;;
1094-9968;Journal of Interactive Marketing;3;3;B;;;;;;;;;;;;;;;;;;;;;;
1542-6297;Journal of International Accounting Research;3;3;B;;;;;;;;;;;;;;;;;;;;;;
0047-2506;Journal of International Business Studies;1;1;A;;;;;;;;;;;;;;;;;;;;;;
0954-1748;Journal of International Development;3;;B;;;;;;;;;;;;;;;;;;;;;;
1369-3034;Journal of International Economic Law;3;;B;;;;;;;;;;;;;;;;;;;;;;
0022-1996;Journal of International Economics;1;;A;;;;;;;;;;;;;;;;;;;;;;
1570-7385;Journal of International Entrepreneurship;3;3;B;;;;;;;;;;;;;;;;;;;;;;
1042-4431;Journal of International Financial Markets, Institutions and Money;3;;B;;;;;;;;;;;;;;;;;;;;;;
1075-4253;Journal of International Management;3;3;B;;;;;;;;;;;;;;;;;;;;;;
1069-031X;Journal of International Marketing;3;3;B;;;;;;;;;;;;;;;;;;;;;;
0261-5606;Journal of International Money and Finance;2;;A;;;;;;;;;;;;;;;;;;;;;;
0963-8199;Journal of International Trade and Economic Development;3;;B;;;;;;;;;;;;;;;;;;;;;;
1367-3270;Journal of Knowledge Management;4;4;C;;;;;;;;;;;;;;;;;;;;;;
0734-306X;Journal of Labor Economics;1;;A;;;;;;;;;;;;;;;;;;;;;;
0195-3613;Journal of Labor Research;4;;C;;;;;;;;;;;;;;;;;;;;;;
0022-2186;Journal of Law and Economics;1;;A;;;;;;;;;;;;;;;;;;;;;;
8756-6222;Journal of Law, Economics, and Organization;1;;A;;;;;;;;;;;;;;;;;;;;;;
1054-3023;Journal of Legal Economics;3;;B;;;;;;;;;;;;;;;;;;;;;;
0047-2530;Journal of Legal Studies;1;;A;;;;;;;;;;;;;;;;;;;;;;
0164-0704;Journal of Macroeconomics;2;;A;;;;;;;;;;;;;;;;;;;;;;
0276-1467;Journal of Macromarketing;4;3;B;;;;;;;;;;;;;;;;;;;;;;
0149-2063;Journal of Management;2;1;A;;;;;;;;;;;;;;;;;;;;;;
1049-2127;Journal of Management Accounting Research;3;3;B;;;;;;;;;;;;;;;;;;;;;;
1385-3457;Journal of Management and Governance;;4;C;;;;;;;;;;;;;;;;;;;;;;
0262-1711;Journal of Management Development;4;4;C;;;;;;;;;;;;;;;;;;;;;;
0742-1222;Journal of Management Information Systems;1;1;A;;;;;;;;;;;;;;;;;;;;;;
1056-4926;Journal of Management Inquiry;3;3;B;;;;;;;;;;;;;;;;;;;;;;
0022-2380;Journal of Management Studies;1;1;A;;;;;;;;;;;;;;;;;;;;;;
0268-3946;Journal of Managerial Psychology;4;4;C;;;;;;;;;;;;;;;;;;;;;;
0890-2577;Journal of Manufacturing and Operations Management;3;3;B;;;;;;;;;;;;;;;;;;;;;;
0278-6125;Journal of Manufacturing Systems;3;3;B;;;;;;;;;;;;;;;;;;;;;;
1741-038X;Journal of Manufacturing Technology Management;4;;C;;;;;;;;;;;;;;;;;;;;;;
0022-2429;Journal of Marketing;1*;1*;A;;;;;;;;;;;;;;;;;;;;;;
0267-257X;Journal of Marketing Management;3;3;B;;;;;;;;;;;;;;;;;;;;;;
0022-2437;Journal of Marketing Research;1;1;A;;;;;;;;;;;;;;;;;;;;;;
1069-6679;Journal of Marketing Theory and Practice;4;4;C;;;;;;;;;;;;;;;;;;;;;;
0304-4068;Journal of Mathematical Economics;1;;A;;;;;;;;;;;;;;;;;;;;;;
0899-7764;Journal of Media Economics;4;;C;;;;;;;;;;;;;;;;;;;;;;
0304-3932;Journal of Monetary Economics;1;;A;;;;;;;;;;;;;;;;;;;;;;
0022-2879;Journal of Money, Credit, and Banking;1;;A;;;;;;;;;;;;;;;;;;;;;;
1057-9214;Journal of Multi-Criteria Decision Analysis;4;;C;;;;;;;;;;;;;;;;;;;;;;
1042-444X;Journal of Multinational Financial Management;4;4;C;;;;;;;;;;;;;;;;;;;;;;
0047-259X;Journal of Multivariate Analysis;3;;B;;;;;;;;;;;;;;;;;;;;;;
1365-2834;Journal of Nursing Management;;4;C;;;;;;;;;;;;;;;;;;;;;;
0963-1798;Journal of Occupational and Organizational Psychology;2;2;A;;;;;;;;;;;;;;;;;;;;;;
0272-6963;Journal of Operations Management;1;1;A;;;;;;;;;;;;;;;;;;;;;;
1546-2234;Journal of Organizational and End User Computing;3;3;B;;;;;;;;;;;;;;;;;;;;;;
0894-3796;Journal of Organizational Behavior;2;1;A;;;;;;;;;;;;;;;;;;;;;;
0160-8061;Journal of Organizational Behavior Management;3;3;B;;;;;;;;;;;;;;;;;;;;;;
0953-4814;Journal of Organizational Change Management;3;3;B;;;;;;;;;;;;;;;;;;;;;;
0885-3134;Journal of Personal Selling and Sales Management;4;3;B;;;;;;;;;;;;;;;;;;;;;;
0276-8739;Journal of Policy Analysis and Management;2;;A;;;;;;;;;;;;;;;;;;;;;;
0161-8938;Journal of Policy Modeling;4;;C;;;;;;;;;;;;;;;;;;;;;;
0022-3808;Journal of Political Economy;1*;;A;;;;;;;;;;;;;;;;;;;;;;
0933-1433;Journal of Population Economics;2;;A;;;;;;;;;;;;;;;;;;;;;;
0095-4918;Journal of Portfolio Management;3;3;B;;;;;;;;;;;;;;;;;;;;;;
0160-3477;Journal of Post Keynesian Economics;2;;A;;;;;;;;;;;;;;;;;;;;;;
0890-913X;Journal of Private Enterprise;4;;C;;;;;;;;;;;;;;;;;;;;;;
1061-0421;Journal of Product and Brand Management;4;4;C;;;;;;;;;;;;;;;;;;;;;;
0737-6782;Journal of Product Innovation Management;1;1;A;;;;;;;;;;;;;;;;;;;;;;
0895-562X;Journal of Productivity Analysis;3;;B;;;;;;;;;;;;;;;;;;;;;;
1053-1858;Journal of Public Administration Research and Theory;1;1;A;;;;;;;;;;;;;;;;;;;;;;
1097-3923;Journal of Public Economic Theory;2;;A;;;;;;;;;;;;;;;;;;;;;;
0047-2727;Journal of Public Economics;1;;A;;;;;;;;;;;;;;;;;;;;;;
1120-7019;Journal of Public Finance and Public Choice/Economia delle Scelte Pubbliche;4;;C;;;;;;;;;;;;;;;;;;;;;;
0743-9156;Journal of Public Policy and Marketing;3;3;B;;;;;;;;;;;;;;;;;;;;;;
1478-4092;Journal of Purchasing and Supply Management;3;3;B;;;;;;;;;;;;;;;;;;;;;;
0022-4065;Journal of Quality Technology;2;3;A;;;;;;;;;;;;;;;;;;;;;;
0971-1554;Journal of Quantitative Economics;3;;B;;;;;;;;;;;;;;;;;;;;;;
0895-5638;Journal of Real Estate Finance and Economics;3;3;B;;;;;;;;;;;;;;;;;;;;;;
0022-4146;Journal of Regional Science;2;;A;;;;;;;;;;;;;;;;;;;;;;
0922-680X;Journal of Regulatory Economics;2;;A;;;;;;;;;;;;;;;;;;;;;;
0022-4359;Journal of Retailing;2;2;A;;;;;;;;;;;;;;;;;;;;;;
0969-6989;Journal of Retailing and Consumer Services;3;3;B;;;;;;;;;;;;;;;;;;;;;;
0022-4367;Journal of Risk and Insurance;2;2;A;;;;;;;;;;;;;;;;;;;;;;
0895-5646;Journal of Risk and Uncertainty;2;2;A;;;;;;;;;;;;;;;;;;;;;;
1757-5818;Journal of Service Management;4;4;C;;;;;;;;;;;;;;;;;;;;;;
1094-6705;Journal of Service Research;2;2;A;;;;;;;;;;;;;;;;;;;;;;
0887-6045;Journal of Services Marketing;3;3;B;;;;;;;;;;;;;;;;;;;;;;
1462-6004;Journal of Small Business and Enterprise Development;4;4;C;;;;;;;;;;;;;;;;;;;;;;
0047-2778;Journal of Small Business Management;2;2;A;;;;;;;;;;;;;;;;;;;;;;
0963-8687;Journal of Strategic Information Systems;2;2;A;;;;;;;;;;;;;;;;;;;;;;
0965-254X;Journal of Strategic Marketing;4;4;C;;;;;;;;;;;;;;;;;;;;;;
1523-2409;Journal of Supply Chain Management;4;3;B;;;;;;;;;;;;;;;;;;;;;;
0892-9912;Journal of Technology Transfer;3;3;B;;;;;;;;;;;;;;;;;;;;;;
0092-0703;Journal of the Academy of Marketing Science;2;2;A;;;;;;;;;;;;;;;;;;;;;;
1536-9323;Journal of the Association for Information Systems;2;2;A;;;;;;;;;;;;;;;;;;;;;;
1542-4766;Journal of the European Economic Association;1;;A;;;;;;;;;;;;;;;;;;;;;;
1042-7716;Journal of the History of Economic Thought;2;;A;;;;;;;;;;;;;;;;;;;;;;
0889-1583;Journal of the Japanese and International Economies;3;;B;;;;;;;;;;;;;;;;;;;;;;
1868-7865;Journal of the Knowledge Economy;4;;C;;;;;;;;;;;;;;;;;;;;;;
0160-5682;Journal of the Operational Research Society;2;;A;;;;;;;;;;;;;;;;;;;;;;
1369-7412;Journal of the Royal Statistical Society : Series B (Statistical Methodology);2;;A;;;;;;;;;;;;;;;;;;;;;;
0035-9254;Journal of the Royal Statistical Society : Series C (Applied Statistics);3;;B;;;;;;;;;;;;;;;;;;;;;;
0143-9782;Journal of Time Series Analysis;3;;B;;;;;;;;;;;;;;;;;;;;;;
0022-5258;Journal of Transport Economics and Policy;3;;B;;;;;;;;;;;;;;;;;;;;;;
1054-8408;Journal of Travel and Tourism Marketing;4;4;C;;;;;;;;;;;;;;;;;;;;;;
0047-2875;Journal of Travel Research;4;;C;;;;;;;;;;;;;;;;;;;;;;
0094-1190;Journal of Urban Economics;1;;A;;;;;;;;;;;;;;;;;;;;;;
0001-8791;Journal of Vocational Behavior;2;2;A;;;;;;;;;;;;;;;;;;;;;;
1931-4361;Journal of Wine Economics;3;;B;;;;;;;;;;;;;;;;;;;;;;
1090-9516;Journal of World Business;2;2;A;;;;;;;;;;;;;;;;;;;;;;
1011-6702;Journal of World Trade;4;;C;;;;;;;;;;;;;;;;;;;;;;
1477-8238;Knowledge Management Research & Practice;3;3;B;;;;;;;;;;;;;;;;;;;;;;
0023-5962;Kyklos;2;;A;;;;;;;;;;;;;;;;;;;;;;
1160-7742;La Revue des Sciences de Gestion;;4;C;;;;;;;;;;;;;;;;;;;;;;
0023-656X;Labor History;4;4;C;;;;;;;;;;;;;;;;;;;;;;
0927-5371;Labour Economics;2;;A;;;;;;;;;;;;;;;;;;;;;;
1121-7081;Labour : Review of Labour Economics and Industrial Relations;3;;B;;;;;;;;;;;;;;;;;;;;;;
0001-771X;L'Actualité Economique, Revue d'Analyse Economique;4;;C;;;;;;;;;;;;;;;;;;;;;;
0023-7639;Land Economics;2;;A;;;;;;;;;;;;;;;;;;;;;;
0023-9186;Law and Contemporary Problems;3;;B;;;;;;;;;;;;;;;;;;;;;;
1742-7150;Leadership;4;4;C;;;;;;;;;;;;;;;;;;;;;;
1048-9843;Leadership Quarterly;2;2;A;;;;;;;;;;;;;;;;;;;;;;
0969-6474;Learning Organization;4;4;C;;;;;;;;;;;;;;;;;;;;;;
0300-3930;Local Government Studies;3;3;B;;;;;;;;;;;;;;;;;;;;;;
1250-7970;Logistique & Management;;4;C;;;;;;;;;;;;;;;;;;;;;;
0024-6301;Long Range Planning;2;2;A;;;;;;;;;;;;;;;;;;;;;;
1286-4692;M@n@gement;2;2;A;;;;;;;;;;;;;;;;;;;;;;
1365-1005;Macroeconomic Dynamics;2;;A;;;;;;;;;;;;;;;;;;;;;;
1768-5958;Management & Avenir;4;4;C;;;;;;;;;;;;;;;;;;;;;;
1528-5359;Management Accounting Quarterly;4;4;C;;;;;;;;;;;;;;;;;;;;;;
1044-5005;Management Accounting Research;2;2;A;;;;;;;;;;;;;;;;;;;;;;
1744-9359;Management and Organizational History;4;4;C;;;;;;;;;;;;;;;;;;;;;;
0893-3189;Management Communication Quarterly;4;4;C;;;;;;;;;;;;;;;;;;;;;;
0025-1747;Management Decision;4;4;C;;;;;;;;;;;;;;;;;;;;;;
1206-1697;Management International;3;2;A;;;;;;;;;;;;;;;;;;;;;;
0025-181X;Management International Review;3;3;B;;;;;;;;;;;;;;;;;;;;;;
1350-5076;Management Learning;3;3;B;;;;;;;;;;;;;;;;;;;;;;
0025-1909;Management Science;1*;1*;A;;;;;;;;;;;;;;;;;;;;;;
0143-6570;Managerial and Decision Economics;3;;B;;;;;;;;;;;;;;;;;;;;;;
0268-6902;Managerial Auditing Journal;4;4;C;;;;;;;;;;;;;;;;;;;;;;
0307-4358;Managerial Finance;4;4;C;;;;;;;;;;;;;;;;;;;;;;
1463-6786;Manchester School;3;;B;;;;;;;;;;;;;;;;;;;;;;
1523-4614;Manufacturing and Service Operations Management;4;2;A;;;;;;;;;;;;;;;;;;;;;;
0738-1360;Marine Resource Economics;4;;C;;;;;;;;;;;;;;;;;;;;;;
0923-0645;Marketing Letters;2;2;A;;;;;;;;;;;;;;;;;;;;;;
0732-2399;Marketing Science;1;1;A;;;;;;;;;;;;;;;;;;;;;;
1470-5931;Marketing Theory;4;4;C;;;;;;;;;;;;;;;;;;;;;;
0960-1627;Mathematical Finance;2;2;A;;;;;;;;;;;;;;;;;;;;;;
1432-2994;Mathematical Methods of Operations Research;3;;B;;;;;;;;;;;;;;;;;;;;;;
0025-5610;Mathematical Programming;1;;A;;;;;;;;;;;;;;;;;;;;;;
0165-4896;Mathematical Social Sciences;2;;A;;;;;;;;;;;;;;;;;;;;;;
1862-9679;Mathematics and Financial Economics;4;;C;;;;;;;;;;;;;;;;;;;;;;
0364-765X;Mathematics of Operations Research;1;;A;;;;;;;;;;;;;;;;;;;;;;
0987-6936;Mathématiques et Sciences Humaines;4;;C;;;;;;;;;;;;;;;;;;;;;;
0025-7079;Medical Care;1;1;A;;;;;;;;;;;;;;;;;;;;;;
1077-5587;Medical Care Research and Review;3;2;A;;;;;;;;;;;;;;;;;;;;;;
0272-989X;Medical Decision Making;2;3;A;;;;;;;;;;;;;;;;;;;;;;
0026-1386;Metroeconomica;3;;B;;;;;;;;;;;;;;;;;;;;;;
0887-378X;Milbank Memorial Fund Quarterly- The Milbank Quarterly;2;1;A;;;;;;;;;;;;;;;;;;;;;;
0276-7783;MIS Quarterly;1*;1*;A;;;;;;;;;;;;;;;;;;;;;;
1120-7388;MOCT-MOST: Economic Policy in Transitional Economies;3;;B;;;;;;;;;;;;;;;;;;;;;;
0302-3052;Mondes en Développement;4;;C;;;;;;;;;;;;;;;;;;;;;;
0098-1818;Monthly Labor Review;4;;C;;;;;;;;;;;;;;;;;;;;;;
1525-383X;Multinational Business Review;4;4;C;;;;;;;;;;;;;;;;;;;;;;
1096-1879;Multinational Finance Journal;4;4;C;;;;;;;;;;;;;;;;;;;;;;
0028-0283;National Tax Journal;2;;A;;;;;;;;;;;;;;;;;;;;;;
0165-0203;Natural Resources Forum;3;;B;;;;;;;;;;;;;;;;;;;;;;
0028-0739;Natural Resources Journal;3;;B;;;;;;;;;;;;;;;;;;;;;;
1240-1307;Nature Sciences Sociétés;4;;C;;;;;;;;;;;;;;;;;;;;;;
0894-069X;Naval Research Logistics Quarterly;3;;B;;;;;;;;;;;;;;;;;;;;;;
1780-9231;Négociations;;4;C;;;;;;;;;;;;;;;;;;;;;;
0028-3045;Networks;3;;B;;;;;;;;;;;;;;;;;;;;;;
0899-7640;Nonprofit and Voluntary Sector Quarterly;3;;B;;;;;;;;;;;;;;;;;;;;;;
1092-0277;North American Actuarial Journal;4;3;B;;;;;;;;;;;;;;;;;;;;;;
2113-5207;Oeconomia;4;;C;;;;;;;;;;;;;;;;;;;;;;
0305-0483;Omega;2;;A;;;;;;;;;;;;;;;;;;;;;;
0923-7992;Open Economies Review;3;;B;;;;;;;;;;;;;;;;;;;;;;
0030-364X;Operations Research;1;;A;;;;;;;;;;;;;;;;;;;;;;
0167-6377;Operations Research Letters;2;;A;;;;;;;;;;;;;;;;;;;;;;
0171-6468;OR Spectrum;3;;B;;;;;;;;;;;;;;;;;;;;;;
1350-5084;Organization;1;1;A;;;;;;;;;;;;;;;;;;;;;;
1086-0266;Organization and Environment;3;3;B;;;;;;;;;;;;;;;;;;;;;;
1047-7039;Organization Science;1;1;A;;;;;;;;;;;;;;;;;;;;;;
0170-8406;Organization Studies;1;1;A;;;;;;;;;;;;;;;;;;;;;;
0749-5978;Organizational Behavior and Human Decision Processes;1;1;A;;;;;;;;;;;;;;;;;;;;;;
0090-2616;Organizational Dynamics;2;2;A;;;;;;;;;;;;;;;;;;;;;;
1094-4281;Organizational Research Methods;2;2;A;;;;;;;;;;;;;;;;;;;;;;
0305-9049;Oxford Bulletin of Economics and Statistics;2;;A;;;;;;;;;;;;;;;;;;;;;;
1360-0818;Oxford Development Studies;3;;B;;;;;;;;;;;;;;;;;;;;;;
0030-7653;Oxford Economic Papers;2;;A;;;;;;;;;;;;;;;;;;;;;;
0266-903X;Oxford Review of Economic Policy;3;;B;;;;;;;;;;;;;;;;;;;;;;
0927-538X;Pacific Basin Finance Journal;4;3;B;;;;;;;;;;;;;;;;;;;;;;
1361-374X;Pacific Economic Review;3;;B;;;;;;;;;;;;;;;;;;;;;;
1056-8190;Papers in Regional Science;2;;A;;;;;;;;;;;;;;;;;;;;;;
0031-5826;Personnel Psychology;1;1;A;;;;;;;;;;;;;;;;;;;;;;
0048-3486;Personnel Review;3;3;B;;;;;;;;;;;;;;;;;;;;;;
1170-7690;Pharmacoeconomics;2;;A;;;;;;;;;;;;;;;;;;;;;;
0305-5736;Policy and Politics;2;2;A;;;;;;;;;;;;;;;;;;;;;;
1470-594X;Politics, Philosophy and Economics;2;;A;;;;;;;;;;;;;;;;;;;;;;
0758-1726;Politiques et Management Public;4;4;C;;;;;;;;;;;;;;;;;;;;;;
0032-4663;Population;2;;A;;;;;;;;;;;;;;;;;;;;;;
0098-7921;Population and Development Review;2;;A;;;;;;;;;;;;;;;;;;;;;;
0167-5923;Population Research and Policy Review;4;;C;;;;;;;;;;;;;;;;;;;;;;
1617-982X;Portuguese Economic Journal;3;;B;;;;;;;;;;;;;;;;;;;;;;
1463-1377;Post-Communist Economies;2;;A;;;;;;;;;;;;;;;;;;;;;;
0897-8336;Production and Inventory Management Journal;3;3;B;;;;;;;;;;;;;;;;;;;;;;
1059-1478;Production and Operations Management;1;1;A;;;;;;;;;;;;;;;;;;;;;;
0953-7287;Production Planning and Control;2;2;A;;;;;;;;;;;;;;;;;;;;;;
0742-6046;Psychology and Marketing;3;2;A;;;;;;;;;;;;;;;;;;;;;;
0271-2075;Public Administration and Development;3;3;B;;;;;;;;;;;;;;;;;;;;;;
0033-3352;Public Administration Review;1;1;A;;;;;;;;;;;;;;;;;;;;;;
0033-3298;Public Administration: An International Quarterly;3;3;B;;;;;;;;;;;;;;;;;;;;;;
0048-5829;Public Choice;1;;A;;;;;;;;;;;;;;;;;;;;;;
1091-1421;Public Finance Review;4;;C;;;;;;;;;;;;;;;;;;;;;;
0033-3506;Public Health;3;4;B;;;;;;;;;;;;;;;;;;;;;;
1471-9037;Public Management Review;3;3;B;;;;;;;;;;;;;;;;;;;;;;
0954-0962;Public Money and Management;3;3;B;;;;;;;;;;;;;;;;;;;;;;
1566-7170;Public Organization Review;3;4;B;;;;;;;;;;;;;;;;;;;;;;
1352-2752;Qualitative Market Research;4;4;C;;;;;;;;;;;;;;;;;;;;;;
1068-6967;Quality Management Journal;4;4;C;;;;;;;;;;;;;;;;;;;;;;
0962-9343;Quality of Life Research;3;3;B;;;;;;;;;;;;;;;;;;;;;;
1759-7331;Quantitative Economics;1;;A;;;;;;;;;;;;;;;;;;;;;;
1469-7688;Quantitative Finance;3;3;B;;;;;;;;;;;;;;;;;;;;;;
1570-7156;Quantitative Marketing & Economics;3;3;B;;;;;;;;;;;;;;;;;;;;;;
0033-5533;Quarterly Journal of Economics;1*;;A;;;;;;;;;;;;;;;;;;;;;;
1062-9769;Quarterly Review of Economics and Finance;3;;B;;;;;;;;;;;;;;;;;;;;;;
0033-6807;R&D Management;3;2;A;;;;;;;;;;;;;;;;;;;;;;
0399-0559;RAIRO / Recherche Opérationnelle;3;;B;;;;;;;;;;;;;;;;;;;;;;
0741-6261;RAND Journal of Economics;1;;A;;;;;;;;;;;;;;;;;;;;;;
1080-8620;Real Estate Economics;3;3;B;;;;;;;;;;;;;;;;;;;;;;
0767-3701;Recherche et Applications en Marketing;2;2;A;;;;;;;;;;;;;;;;;;;;;;
0770-4518;Recherches Economiques de Louvain / Louvain Economic Review;3;;B;;;;;;;;;;;;;;;;;;;;;;
2259-6372;Recherches en Sciences de Gestion- Management Sciences- Ciencias de Gestión;4;3;B;;;;;;;;;;;;;;;;;;;;;;
2259-6372;Recherches en Sciences de Gestion- Management Sciences – Ciencias de Gestión;4;3;B;;;;;;;;;;;;;;;;;;;;;;
1267-5059;Région et Développement;4;;C;;;;;;;;;;;;;;;;;;;;;;
0166-0462;Regional Science and Urban Economics;2;;A;;;;;;;;;;;;;;;;;;;;;;
0034-3404;Regional Studies;2;;A;;;;;;;;;;;;;;;;;;;;;;
0034-379X;Relations Industrielles / Industrial Relations;3;3;B;;;;;;;;;;;;;;;;;;;;;;
1054-1098;Research in Economic History;3;;B;;;;;;;;;;;;;;;;;;;;;;
1090-9443;Research in Economics;3;;B;;;;;;;;;;;;;;;;;;;;;;
0275-5319;Research in International Business and Finance;4;4;C;;;;;;;;;;;;;;;;;;;;;;
0193-5895;Research in Law and Economics;3;;B;;;;;;;;;;;;;;;;;;;;;;
0191-3085;Research in Organizational Behavior;2;2;A;;;;;;;;;;;;;;;;;;;;;;
0743-4154;Research in the History of Economic Thought and Methodology;4;;C;;;;;;;;;;;;;;;;;;;;;;
0048-7333;Research Policy;1;1;A;;;;;;;;;;;;;;;;;;;;;;
0751-7971;Réseaux;4;4;C;;;;;;;;;;;;;;;;;;;;;;
0928-7655;Resource and Energy Economics;2;;A;;;;;;;;;;;;;;;;;;;;;;
0301-4207;Resources Policy;3;;B;;;;;;;;;;;;;;;;;;;;;;
1475-7702;Review of Accounting and Finance;4;4;C;;;;;;;;;;;;;;;;;;;;;;
1380-6653;Review of Accounting Studies;1;1;A;;;;;;;;;;;;;;;;;;;;;;
0305-6244;Review of African Political Economy;4;;C;;;;;;;;;;;;;;;;;;;;;;
1058-7195;Review of Agricultural Economics;3;;B;;;;;;;;;;;;;;;;;;;;;;
1380-6645;Review of Derivatives Research;4;4;C;;;;;;;;;;;;;;;;;;;;;;
1363-6669;Review of Development Economics;4;;C;;;;;;;;;;;;;;;;;;;;;;
1434-4742;Review of Economic Design;3;;B;;;;;;;;;;;;;;;;;;;;;;
1094-2025;Review of Economic Dynamics;2;;A;;;;;;;;;;;;;;;;;;;;;;
1698-1359;Review of Economic Research on Copyright Issues;4;;C;;;;;;;;;;;;;;;;;;;;;;
0034-6527;Review of Economic Studies;1*;;A;;;;;;;;;;;;;;;;;;;;;;
0034-6535;Review of Economics and Statistics;1;;A;;;;;;;;;;;;;;;;;;;;;;
1569-5239;Review of Economics of the Household;3;;B;;;;;;;;;;;;;;;;;;;;;;
1382-6662;Review of Finance;1;1;A;;;;;;;;;;;;;;;;;;;;;;
1058-3300;Review of Financial Economics;4;4;C;;;;;;;;;;;;;;;;;;;;;;
0893-9454;Review of Financial Studies;1;1;A;;;;;;;;;;;;;;;;;;;;;;
0034-6586;Review of Income and Wealth;2;;A;;;;;;;;;;;;;;;;;;;;;;
0889-938X;Review of Industrial Organization;2;;A;;;;;;;;;;;;;;;;;;;;;;
0965-7576;Review of International Economics;2;;A;;;;;;;;;;;;;;;;;;;;;;
1559-7431;Review of International Organizations;4;;C;;;;;;;;;;;;;;;;;;;;;;
0969-2290;Review of International Political Economy;2;;A;;;;;;;;;;;;;;;;;;;;;;
1555-5879;Review of Law and Economics;2;;A;;;;;;;;;;;;;;;;;;;;;;
1446-9022;Review of Network Economics;3;;B;;;;;;;;;;;;;;;;;;;;;;
0953-8259;Review of Political Economy;4;;C;;;;;;;;;;;;;;;;;;;;;;
0734-371X;Review of Public Personnel Administration;4;4;C;;;;;;;;;;;;;;;;;;;;;;
0924-865X;Review of Quantitative Finance and Accounting;3;3;B;;;;;;;;;;;;;;;;;;;;;;
0486-6134;Review of Radical Political Economics;3;;B;;;;;;;;;;;;;;;;;;;;;;
0034-6764;Review of Social Economy;3;;B;;;;;;;;;;;;;;;;;;;;;;
1610-2878;Review of World Economics/Weltwirtschaftliches Archiv;2;;A;;;;;;;;;;;;;;;;;;;;;;
1163-913X;Revue de Gestion des Ressources Humaines;2;2;A;;;;;;;;;;;;;;;;;;;;;;
1957-7796;Revue de la Régulation;4;;C;;;;;;;;;;;;;;;;;;;;;;
1630-7542;Revue de l'Entrepreneuriat;4;3;B;;;;;;;;;;;;;;;;;;;;;;
1265-9576;Revue de L'OFCE;4;;C;;;;;;;;;;;;;;;;;;;;;;
1951-0187;Revue de l'Organisation Responsable;4;4;C;;;;;;;;;;;;;;;;;;;;;;
1376-0971;Revue de Philosophie Economique / Review of Economic Philosophy;3;;B;;;;;;;;;;;;;;;;;;;;;;
1245-4060;Revue d'Economie du Développement;3;;B;;;;;;;;;;;;;;;;;;;;;;
1777-5744;Revue d'Economie Financière;4;4;C;;;;;;;;;;;;;;;;;;;;;;
0154-3229;Revue d'Economie Industrielle;3;;B;;;;;;;;;;;;;;;;;;;;;;
0373-2630;Revue d'Economie Politique;3;;B;;;;;;;;;;;;;;;;;;;;;;
0180-7307;Revue d'Economie Regionale et Urbaine;3;;B;;;;;;;;;;;;;;;;;;;;;;
2117-4857;Revue d'Étude en Agriculture et Environnement / Review of Agricultural and Environmental Studies;4;;B;;;;;;;;;;;;;;;;;;;;;;
0338-0599;Revue d'Etudes Comparatives Est–Ouest;4;;C;;;;;;;;;;;;;;;;;;;;;;
0035-2764;Revue Économique;2;;A;;;;;;;;;;;;;;;;;;;;;;
0152-7401;Revue française d'administration publique;4;4;C;;;;;;;;;;;;;;;;;;;;;;
0338-4551;Revue Française de Gestion;4;3;B;;;;;;;;;;;;;;;;;;;;;;
0242-9780;Revue Française de Gestion Industrielle;4;4;C;;;;;;;;;;;;;;;;;;;;;;
1966-6608;Revue Française de Socio-Économie;4;;C;;;;;;;;;;;;;;;;;;;;;;
0769-0479;Revue Française d'Economie;3;;B;;;;;;;;;;;;;;;;;;;;;;
0035-3051;Revue Française du Marketing;;4;C;;;;;;;;;;;;;;;;;;;;;;
2259-2490;Revue Interdisciplinaire sur le Management et l'Humanisme;;4;C;;;;;;;;;;;;;;;;;;;;;;
1010-8831;Revue Internationale de Droit Economique;3;;B;;;;;;;;;;;;;;;;;;;;;;
1626-1682;Revue Internationale de l'Economie Sociale- RECMA;;;C;;;;;;;;;;;;;;;;;;;;;;
1260-1705;Revue Internationale de Psychosociologie et de Gestion des Comportements Organisationnels;;4;C;;;;;;;;;;;;;;;;;;;;;;
0776-5436;Revue Internationale PME;4;3;B;;;;;;;;;;;;;;;;;;;;;;
0393-4551;Savings and Development / African Review of Money Finance and Banking;4;;C;;;;;;;;;;;;;;;;;;;;;;
0358-5522;Scandinavian Economic History Review;4;;C;;;;;;;;;;;;;;;;;;;;;;
0347-0520;Scandinavian Journal of Economics;2;;A;;;;;;;;;;;;;;;;;;;;;;
0956-5221;Scandinavian Journal of Management;3;3;B;;;;;;;;;;;;;;;;;;;;;;
0294-0337;Sciences Sociales et Santé;4;;C;;;;;;;;;;;;;;;;;;;;;;
0036-9292;Scottish Journal of Political Economy;3;;B;;;;;;;;;;;;;;;;;;;;;;
1869-4187;SERIEs. Journal of the Spanish Economic Association;3;;B;;;;;;;;;;;;;;;;;;;;;;
0921-898X;Small Business Economics;2;2;A;;;;;;;;;;;;;;;;;;;;;;
0176-1714;Social Choice and Welfare;1;;A;;;;;;;;;;;;;;;;;;;;;;
0277-9536;Social Science and Medicine;1;1;A;;;;;;;;;;;;;;;;;;;;;;
1746-5680;Society and Business Review;;4;C;;;;;;;;;;;;;;;;;;;;;;
0894-1920;Society and Natural Resources;3;;B;;;;;;;;;;;;;;;;;;;;;;
1475-1461;Socio-Economic Review;3;;B;;;;;;;;;;;;;;;;;;;;;;
0038-4038;Southern Economic Journal;2;;A;;;;;;;;;;;;;;;;;;;;;;
1742-1772;Spatial Economic Analysis;3;;B;;;;;;;;;;;;;;;;;;;;;;
1086-1718;Strategic Change;3;3;B;;;;;;;;;;;;;;;;;;;;;;
1932-4391;Strategic Entrepreneurship Journal;2;2;A;;;;;;;;;;;;;;;;;;;;;;
0143-2095;Strategic Management Journal;1*;1*;A;;;;;;;;;;;;;;;;;;;;;;
1476-1270;Strategic Organization;3;3;B;;;;;;;;;;;;;;;;;;;;;;
0954-349X;Structural Change and Economic Dynamics;4;;C;;;;;;;;;;;;;;;;;;;;;;
1081-1826;Studies in Nonlinear Dynamics and Econometrics;3;;B;;;;;;;;;;;;;;;;;;;;;;
1624-6039;Supply Chain Forum: An International Journal;4;4;C;;;;;;;;;;;;;;;;;;;;;;
1359-8546;Supply Chain Management: An International Journal;3;3;B;;;;;;;;;;;;;;;;;;;;;;
2040-8021;Sustainability Accounting, Management and Policy Journal;4;4;C;;;;;;;;;;;;;;;;;;;;;;
0303-9692;Swiss Journal of Economics and Statistics / Schweizerische Zeitschrift für Volkswirtschaft und Statistik;4;;C;;;;;;;;;;;;;;;;;;;;;;
1260-4984;Systèmes d'Information et Management;2;2;A;;;;;;;;;;;;;;;;;;;;;;
0040-1625;Technological Forecasting and Social Change;2;2;A;;;;;;;;;;;;;;;;;;;;;;
0953-7325;Technology Analysis and Strategic Management;3;3;B;;;;;;;;;;;;;;;;;;;;;;
0166-4972;Technovation;3;3;B;;;;;;;;;;;;;;;;;;;;;;
0308-5961;Telecommunications Policy;4;;C;;;;;;;;;;;;;;;;;;;;;;
0001-4826;The Accounting Review;1*;1*;A;;;;;;;;;;;;;;;;;;;;;;
1555-0494;The B.E. Journal of Economic Analysis & Policy: Advances;3;;B;;;;;;;;;;;;;;;;;;;;;;
1555-0494;The B.E. Journal of Economic Analysis & Policy: Frontiers;2;;A;;;;;;;;;;;;;;;;;;;;;;
1935-1690;The B.E. Journal of Macroeconomics: Advances;3;;B;;;;;;;;;;;;;;;;;;;;;;
1935-1690;The B.E. Journal of Macroeconomics: Frontiers;2;;A;;;;;;;;;;;;;;;;;;;;;;
1935-1704;The B.E. Journal of Theoretical Economics: Advances;2;;A;;;;;;;;;;;;;;;;;;;;;;
1935-1704;The B.E. Journal of Theoretical Economics: Frontiers;2;;A;;;;;;;;;;;;;;;;;;;;;;
1351-847X;The European Journal of Finance;4;4;C;;;;;;;;;;;;;;;;;;;;;;
0889-3047;The Review of Austrian Economics;3;;B;;;;;;;;;;;;;;;;;;;;;;
1555-7561;Theoretical Economics;2;;A;;;;;;;;;;;;;;;;;;;;;;
0040-5833;Theory and Decision;2;;A;;;;;;;;;;;;;;;;;;;;;;
0143-6597;Third World Quarterly;3;;B;;;;;;;;;;;;;;;;;;;;;;
1096-4762;Thunderbird International Business Review;4;4;C;;;;;;;;;;;;;;;;;;;;;;
1134-5764;Top / An Official Journal of the Spanish Society of Statistics and Operations Research;3;;B;;;;;;;;;;;;;;;;;;;;;;
1478-3363;Total Quality Management and Business Excellence;4;;C;;;;;;;;;;;;;;;;;;;;;;
0261-5177;Tourism Management;3;;B;;;;;;;;;;;;;;;;;;;;;;
0144-1647;Transport Reviews;3;;B;;;;;;;;;;;;;;;;;;;;;;
0965-8564;Transportation Research- Part A: Policy and Practice;2;;A;;;;;;;;;;;;;;;;;;;;;;
0191-2615;Transportation Research- Part B: Methodological;2;;A;;;;;;;;;;;;;;;;;;;;;;
1361-9209;Transportation Research- Part D: Transport and Environment;3;;B;;;;;;;;;;;;;;;;;;;;;;
1366-5545;Transportation Research- Part E: Logistics and Transportation Review;2;2;A;;;;;;;;;;;;;;;;;;;;;;
0041-1655;Transportation Science;2;;A;;;;;;;;;;;;;;;;;;;;;;
0224-4365;Travail et Emploi;4;;C;;;;;;;;;;;;;;;;;;;;;;
1697-6223;Urban Public Economics Review/Revista de Economía Pública Urbana;4;;C;;;;;;;;;;;;;;;;;;;;;;
0042-0980;Urban Studies;2;;A;;;;;;;;;;;;;;;;;;;;;;
0957-1787;Utilities Policy;4;;C;;;;;;;;;;;;;;;;;;;;;;
1098-3015;Value in Health;2;;A;;;;;;;;;;;;;;;;;;;;;;
1369-1066;Venture Capital : An International Journal of Entrepreneurial Finance;;4;C;;;;;;;;;;;;;;;;;;;;;;
0957-8765;Voluntas;;4;C;;;;;;;;;;;;;;;;;;;;;;
0043-1397;Water Resources Research;3;;B;;;;;;;;;;;;;;;;;;;;;;
0730-8884;Work and Occupations;3;3;B;;;;;;;;;;;;;;;;;;;;;;
0267-8373;Work and Stress;3;3;B;;;;;;;;;;;;;;;;;;;;;;
0950-0170;Work Employment and Society;3;3;B;;;;;;;;;;;;;;;;;;;;;;
0258-6770;World Bank Economic Review;1;;A;;;;;;;;;;;;;;;;;;;;;;
1011-4548;World Competition. Law and Economics Review;3;;B;;;;;;;;;;;;;;;;;;;;;;
0305-750X;World Development;1;;A;;;;;;;;;;;;;;;;;;;;;;
0378-5920;World Economy;2;;A;;;;;;;;;;;;;;;;;;;;;;
1474-7456;World Trade Review;4;;C;;;;;;;;;;;;;;;;;;;;;;
0741-9457;Yale Journal on Regulation;3;;B;;;;;;;;;;;;;;;;;;;;;;